"","Kingdom","Phylum","Class","Order","Family","Genus"
"[Bacteroides] pectinophilus group","Bacteria","Firmicutes","Clostridia","Lachnospirales","Lachnospiraceae","[Bacteroides] pectinophilus group"
"[Clostridium] innocuum group","Bacteria","Firmicutes","Bacilli","Erysipelotrichales","Erysipelotrichaceae","[Clostridium] innocuum group"
"[Eubacterium] brachy group","Bacteria","Firmicutes","Clostridia","Peptostreptococcales-Tissierellales","Anaerovoracaceae","[Eubacterium] brachy group"
"[Eubacterium] eligens group","Bacteria","Firmicutes","Clostridia","Lachnospirales","Lachnospiraceae","[Eubacterium] eligens group"
"[Eubacterium] fissicatena group","Bacteria","Firmicutes","Clostridia","Lachnospirales","Lachnospiraceae","[Eubacterium] fissicatena group"
"[Eubacterium] hallii group","Bacteria","Firmicutes","Clostridia","Lachnospirales","Lachnospiraceae","[Eubacterium] hallii group"
"[Eubacterium] nodatum group","Bacteria","Firmicutes","Clostridia","Peptostreptococcales-Tissierellales","Anaerovoracaceae","[Eubacterium] nodatum group"
"[Eubacterium] oxidoreducens group","Bacteria","Firmicutes","Clostridia","Lachnospirales","Lachnospiraceae","[Eubacterium] oxidoreducens group"
"[Eubacterium] ruminantium group","Bacteria","Firmicutes","Clostridia","Lachnospirales","Lachnospiraceae","[Eubacterium] ruminantium group"
"[Eubacterium] siraeum group","Bacteria","Firmicutes","Clostridia","Oscillospirales","Ruminococcaceae","[Eubacterium] siraeum group"
"[Eubacterium] tenue group","Bacteria","Firmicutes","Clostridia","Peptostreptococcales-Tissierellales","Peptostreptococcaceae","[Eubacterium] tenue group"
"[Eubacterium] ventriosum group","Bacteria","Firmicutes","Clostridia","Lachnospirales","Lachnospiraceae","[Eubacterium] ventriosum group"
"[Eubacterium] xylanophilum group","Bacteria","Firmicutes","Clostridia","Lachnospirales","Lachnospiraceae","[Eubacterium] xylanophilum group"
"[Renibacterium] salmoninarum group","Bacteria","Firmicutes","Bacilli","Bacillales","Planococcaceae","[Renibacterium] salmoninarum group"
"[Ruminococcus] gauvreauii group","Bacteria","Firmicutes","Clostridia","Lachnospirales","Lachnospiraceae","[Ruminococcus] gauvreauii group"
"[Ruminococcus] gnavus group","Bacteria","Firmicutes","Clostridia","Lachnospirales","Lachnospiraceae","[Ruminococcus] gnavus group"
"[Ruminococcus] torques group","Bacteria","Firmicutes","Clostridia","Lachnospirales","Lachnospiraceae","[Ruminococcus] torques group"
"28-4","Bacteria","Firmicutes","Clostridia","Lachnospirales","Lachnospiraceae","28-4"
"966-1","Bacteria","Proteobacteria","Gammaproteobacteria","Burkholderiales","Nitrosomonadaceae","966-1"
"A2","Bacteria","Firmicutes","Clostridia","Lachnospirales","Lachnospiraceae","A2"
"Abiotrophia","Bacteria","Firmicutes","Bacilli","Lactobacillales","Aerococcaceae","Abiotrophia"
"Acaricomes","Bacteria","Actinobacteriota","Actinobacteria","Micrococcales","Micrococcaceae","Acaricomes"
"Acetanaerobacterium","Bacteria","Firmicutes","Clostridia","Oscillospirales","Ethanoligenenaceae","Acetanaerobacterium"
"Acetatifactor","Bacteria","Firmicutes","Clostridia","Lachnospirales","Lachnospiraceae","Acetatifactor"
"Achromobacter","Bacteria","Proteobacteria","Gammaproteobacteria","Burkholderiales","Alcaligenaceae","Achromobacter"
"Acidaminococcus","Bacteria","Firmicutes","Negativicutes","Acidaminococcales","Acidaminococcaceae","Acidaminococcus"
"Acidibacter","Bacteria","Proteobacteria","Gammaproteobacteria","Gammaproteobacteria Incertae Sedis","Unknown Family","Acidibacter"
"Acidothermus","Bacteria","Actinobacteriota","Actinobacteria","Frankiales","Acidothermaceae","Acidothermus"
"Acinetobacter","Bacteria","Proteobacteria","Gammaproteobacteria","Pseudomonadales","Moraxellaceae","Acinetobacter"
"Actinocorallia","Bacteria","Actinobacteriota","Actinobacteria","Streptosporangiales","Thermomonosporaceae","Actinocorallia"
"Actinomadura","Bacteria","Actinobacteriota","Actinobacteria","Streptosporangiales","Thermomonosporaceae","Actinomadura"
"Actinomyces","Bacteria","Actinobacteriota","Actinobacteria","Actinomycetales","Actinomycetaceae","Actinomyces"
"Actinoplanes","Bacteria","Actinobacteriota","Actinobacteria","Micromonosporales","Micromonosporaceae","Actinoplanes"
"Adhaeribacter","Bacteria","Bacteroidota","Bacteroidia","Cytophagales","Hymenobacteraceae","Adhaeribacter"
"Adlercreutzia","Bacteria","Actinobacteriota","Coriobacteriia","Coriobacteriales","Eggerthellaceae","Adlercreutzia"
"ADurb.Bin063-1","Bacteria","Verrucomicrobiota","Verrucomicrobiae","Pedosphaerales","Pedosphaeraceae","ADurb.Bin063-1"
"ADurb.Bin118","Bacteria","Verrucomicrobiota","Verrucomicrobiae","Pedosphaerales","Pedosphaeraceae","ADurb.Bin118"
"Aeromicrobium","Bacteria","Actinobacteriota","Actinobacteria","Propionibacteriales","Nocardioidaceae","Aeromicrobium"
"Aeromonas","Bacteria","Proteobacteria","Gammaproteobacteria","Enterobacterales","Aeromonadaceae","Aeromonas"
"Agathobacter","Bacteria","Firmicutes","Clostridia","Lachnospirales","Lachnospiraceae","Agathobacter"
"Aggregicoccus","Bacteria","Myxococcota","Myxococcia","Myxococcales","Myxococcaceae","Aggregicoccus"
"Agrilactobacillus","Bacteria","Firmicutes","Bacilli","Lactobacillales","Lactobacillaceae","Agrilactobacillus"
"Agromyces","Bacteria","Actinobacteriota","Actinobacteria","Micrococcales","Microbacteriaceae","Agromyces"
"Ahniella","Bacteria","Proteobacteria","Gammaproteobacteria","Xanthomonadales","Rhodanobacteraceae","Ahniella"
"Akkermansia","Bacteria","Verrucomicrobiota","Verrucomicrobiae","Verrucomicrobiales","Akkermansiaceae","Akkermansia"
"AKYG587","Bacteria","Planctomycetota","Phycisphaerae","Phycisphaerales","Phycisphaeraceae","AKYG587"
"Algiphilus","Bacteria","Proteobacteria","Gammaproteobacteria","Salinisphaerales","Algiphilaceae","Algiphilus"
"Algoriphagus","Bacteria","Bacteroidota","Bacteroidia","Cytophagales","Cyclobacteriaceae","Algoriphagus"
"Alistipes","Bacteria","Bacteroidota","Bacteroidia","Bacteroidales","Rikenellaceae","Alistipes"
"Alkalicoccus","Bacteria","Firmicutes","Bacilli","Bacillales","Salisediminibacteriaceae","Alkalicoccus"
"Allisonella","Bacteria","Firmicutes","Negativicutes","Veillonellales-Selenomonadales","Veillonellaceae","Allisonella"
"Alloprevotella","Bacteria","Bacteroidota","Bacteroidia","Bacteroidales","Prevotellaceae","Alloprevotella"
"Allorhizobium-Neorhizobium-Pararhizobium-Rhizobium","Bacteria","Proteobacteria","Alphaproteobacteria","Rhizobiales","Rhizobiaceae","Allorhizobium-Neorhizobium-Pararhizobium-Rhizobium"
"Allostreptomyces","Bacteria","Actinobacteriota","Actinobacteria","Streptomycetales","Streptomycetaceae","Allostreptomyces"
"Altererythrobacter","Bacteria","Proteobacteria","Alphaproteobacteria","Sphingomonadales","Sphingomonadaceae","Altererythrobacter"
"Amaricoccus","Bacteria","Proteobacteria","Alphaproteobacteria","Rhodobacterales","Rhodobacteraceae","Amaricoccus"
"Aminobacter","Bacteria","Proteobacteria","Alphaproteobacteria","Rhizobiales","Rhizobiaceae","Aminobacter"
"Ammoniphilus","Bacteria","Firmicutes","Bacilli","Paenibacillales","Paenibacillaceae","Ammoniphilus"
"Anaerobacillus","Bacteria","Firmicutes","Bacilli","Bacillales","Bacillaceae","Anaerobacillus"
"Anaerobacter","Bacteria","Firmicutes","Clostridia","Clostridiales","Clostridiaceae","Anaerobacter"
"Anaerococcus","Bacteria","Firmicutes","Clostridia","Peptostreptococcales-Tissierellales","Family XI","Anaerococcus"
"Anaerofilum","Bacteria","Firmicutes","Clostridia","Oscillospirales","Ruminococcaceae","Anaerofilum"
"Anaerofustis","Bacteria","Firmicutes","Clostridia","Eubacteriales","Anaerofustaceae","Anaerofustis"
"Anaeroglobus","Bacteria","Firmicutes","Negativicutes","Veillonellales-Selenomonadales","Veillonellaceae","Anaeroglobus"
"Anaeromyxobacter","Bacteria","Myxococcota","Myxococcia","Myxococcales","Anaeromyxobacteraceae","Anaeromyxobacter"
"Anaeroplasma","Bacteria","Firmicutes","Bacilli","Acholeplasmatales","Acholeplasmataceae","Anaeroplasma"
"Anaerosporobacter","Bacteria","Firmicutes","Clostridia","Lachnospirales","Lachnospiraceae","Anaerosporobacter"
"Anaerostignum","Bacteria","Firmicutes","Clostridia","Lachnospirales","Lachnospiraceae","Anaerostignum"
"Anaerostipes","Bacteria","Firmicutes","Clostridia","Lachnospirales","Lachnospiraceae","Anaerostipes"
"Anaerotruncus","Bacteria","Firmicutes","Clostridia","Oscillospirales","Ruminococcaceae","Anaerotruncus"
"Angelakisella","Bacteria","Firmicutes","Clostridia","Oscillospirales","Ruminococcaceae","Angelakisella"
"Aquabacter","Bacteria","Proteobacteria","Alphaproteobacteria","Rhizobiales","Xanthobacteraceae","Aquabacter"
"Aquamonas","Bacteria","Proteobacteria","Gammaproteobacteria","Enterobacterales","Enterobacteriaceae","Aquamonas"
"Aquicella","Bacteria","Proteobacteria","Gammaproteobacteria","Diplorickettsiales","Diplorickettsiaceae","Aquicella"
"Aquincola","Bacteria","Proteobacteria","Gammaproteobacteria","Burkholderiales","Comamonadaceae","Aquincola"
"Archangium","Bacteria","Myxococcota","Myxococcia","Myxococcales","Myxococcaceae","Archangium"
"Arenimonas","Bacteria","Proteobacteria","Gammaproteobacteria","Xanthomonadales","Xanthomonadaceae","Arenimonas"
"Aridibacter","Bacteria","Acidobacteriota","Blastocatellia","Blastocatellales","Blastocatellaceae","Aridibacter"
"Arsenicitalea","Bacteria","Proteobacteria","Alphaproteobacteria","Rhizobiales","Devosiaceae","Arsenicitalea"
"Arthrobacter","Bacteria","Actinobacteriota","Actinobacteria","Micrococcales","Micrococcaceae","Arthrobacter"
"Asaccharobacter","Bacteria","Actinobacteriota","Coriobacteriia","Coriobacteriales","Eggerthellaceae","Asaccharobacter"
"Asaccharospora","Bacteria","Firmicutes","Clostridia","Peptostreptococcales-Tissierellales","Peptostreptococcaceae","Asaccharospora"
"Asteroleplasma","Bacteria","Firmicutes","Bacilli","Erysipelotrichales","Erysipelatoclostridiaceae","Asteroleplasma"
"Asticcacaulis","Bacteria","Proteobacteria","Alphaproteobacteria","Caulobacterales","Caulobacteraceae","Asticcacaulis"
"Atlantibacter","Bacteria","Proteobacteria","Gammaproteobacteria","Enterobacterales","Enterobacteriaceae","Atlantibacter"
"Atopobium","Bacteria","Actinobacteriota","Coriobacteriia","Coriobacteriales","Atopobiaceae","Atopobium"
"Aurantisolimonas","Bacteria","Bacteroidota","Bacteroidia","Chitinophagales","Chitinophagaceae","Aurantisolimonas"
"Azoarcus","Bacteria","Proteobacteria","Gammaproteobacteria","Burkholderiales","Rhodocyclaceae","Azoarcus"
"Azospira","Bacteria","Proteobacteria","Gammaproteobacteria","Burkholderiales","Rhodocyclaceae","Azospira"
"B276-D12","Bacteria","Acidobacteriota","Thermoanaerobaculia","Thermoanaerobaculales","Thermoanaerobaculaceae","B276-D12"
"Bacillus","Bacteria","Firmicutes","Bacilli","Bacillales","Bacillaceae","Bacillus"
"Bacteroides","Bacteria","Bacteroidota","Bacteroidia","Bacteroidales","Bacteroidaceae","Bacteroides"
"Barnesiella","Bacteria","Bacteroidota","Bacteroidia","Bacteroidales","Barnesiellaceae","Barnesiella"
"Bauldia","Bacteria","Proteobacteria","Alphaproteobacteria","Rhizobiales","Rhizobiales Incertae Sedis","Bauldia"
"BD1-7 clade","Bacteria","Proteobacteria","Gammaproteobacteria","Pseudomonadales","Spongiibacteraceae","BD1-7 clade"
"Bdellovibrio","Bacteria","Bdellovibrionota","Bdellovibrionia","Bdellovibrionales","Bdellovibrionaceae","Bdellovibrio"
"Bifidobacterium","Bacteria","Actinobacteriota","Actinobacteria","Bifidobacteriales","Bifidobacteriaceae","Bifidobacterium"
"Bilophila","Bacteria","Desulfobacterota","Desulfovibrionia","Desulfovibrionales","Desulfovibrionaceae","Bilophila"
"BIyi10","Bacteria","Proteobacteria","Gammaproteobacteria","Pseudomonadales","Pseudohongiellaceae","BIyi10"
"Blastocatella","Bacteria","Acidobacteriota","Blastocatellia","Blastocatellales","Blastocatellaceae","Blastocatella"
"Blastococcus","Bacteria","Actinobacteriota","Actinobacteria","Frankiales","Geodermatophilaceae","Blastococcus"
"Blautia","Bacteria","Firmicutes","Clostridia","Lachnospirales","Lachnospiraceae","Blautia"
"Bosea","Bacteria","Proteobacteria","Alphaproteobacteria","Rhizobiales","Beijerinckiaceae","Bosea"
"Bradyrhizobium","Bacteria","Proteobacteria","Alphaproteobacteria","Rhizobiales","Xanthobacteraceae","Bradyrhizobium"
"Brevundimonas","Bacteria","Proteobacteria","Alphaproteobacteria","Caulobacterales","Caulobacteraceae","Brevundimonas"
"Bryobacter","Bacteria","Acidobacteriota","Acidobacteriae","Bryobacterales","Bryobacteraceae","Bryobacter"
"Burkholderia-Caballeronia-Paraburkholderia","Bacteria","Proteobacteria","Gammaproteobacteria","Burkholderiales","Burkholderiaceae","Burkholderia-Caballeronia-Paraburkholderia"
"Butyricicoccus","Bacteria","Firmicutes","Clostridia","Oscillospirales","Butyricicoccaceae","Butyricicoccus"
"Butyricimonas","Bacteria","Bacteroidota","Bacteroidia","Bacteroidales","Marinifilaceae","Butyricimonas"
"Butyrivibrio","Bacteria","Firmicutes","Clostridia","Lachnospirales","Lachnospiraceae","Butyrivibrio"
"Byssovorax","Bacteria","Myxococcota","Polyangia","Polyangiales","Polyangiaceae","Byssovorax"
"Caenimonas","Bacteria","Proteobacteria","Gammaproteobacteria","Burkholderiales","Comamonadaceae","Caenimonas"
"CAG-352","Bacteria","Firmicutes","Clostridia","Oscillospirales","Ruminococcaceae","CAG-352"
"CAG-56","Bacteria","Firmicutes","Clostridia","Lachnospirales","Lachnospiraceae","CAG-56"
"CAG-873","Bacteria","Bacteroidota","Bacteroidia","Bacteroidales","Muribaculaceae","CAG-873"
"Caldicoprobacter","Bacteria","Firmicutes","Clostridia","Caldicoprobacterales","Caldicoprobacteraceae","Caldicoprobacter"
"Campylobacter","Bacteria","Campylobacterota","Campylobacteria","Campylobacterales","Campylobacteraceae","Campylobacter"
"Candidatus Alysiosphaera","Bacteria","Proteobacteria","Alphaproteobacteria","Tistrellales","Geminicoccaceae","Candidatus Alysiosphaera"
"Candidatus Berkiella","Bacteria","Proteobacteria","Gammaproteobacteria","Gammaproteobacteria Incertae Sedis","Unknown Family","Candidatus Berkiella"
"Candidatus Entotheonella","Bacteria","Entotheonellaeota","Entotheonellia","Entotheonellales","Entotheonellaceae","Candidatus Entotheonella"
"Candidatus Koribacter","Bacteria","Acidobacteriota","Acidobacteriae","Acidobacteriales","Koribacteraceae","Candidatus Koribacter"
"Candidatus Ovatusbacter","Bacteria","Proteobacteria","Gammaproteobacteria","Gammaproteobacteria Incertae Sedis","Unknown Family","Candidatus Ovatusbacter"
"Candidatus Saccharimonas","Bacteria","Patescibacteria","Saccharimonadia","Saccharimonadales","Saccharimonadaceae","Candidatus Saccharimonas"
"Candidatus Soleaferrea","Bacteria","Firmicutes","Clostridia","Oscillospirales","Ruminococcaceae","Candidatus Soleaferrea"
"Candidatus Solibacter","Bacteria","Acidobacteriota","Acidobacteriae","Solibacterales","Solibacteraceae","Candidatus Solibacter"
"Candidatus Stoquefichus","Bacteria","Firmicutes","Bacilli","Erysipelotrichales","Erysipelatoclostridiaceae","Candidatus Stoquefichus"
"Candidatus Udaeobacter","Bacteria","Verrucomicrobiota","Verrucomicrobiae","Chthoniobacterales","Chthoniobacteraceae","Candidatus Udaeobacter"
"Candidatus Xiphinematobacter","Bacteria","Verrucomicrobiota","Verrucomicrobiae","Chthoniobacterales","Xiphinematobacteraceae","Candidatus Xiphinematobacter"
"Candidimonas","Bacteria","Proteobacteria","Gammaproteobacteria","Burkholderiales","Alcaligenaceae","Candidimonas"
"Caproiciproducens","Bacteria","Firmicutes","Clostridia","Oscillospirales","Ruminococcaceae","Caproiciproducens"
"Castellaniella","Bacteria","Proteobacteria","Gammaproteobacteria","Burkholderiales","Alcaligenaceae","Castellaniella"
"Catabacter","Bacteria","Firmicutes","Clostridia","Christensenellales","Christensenellaceae","Catabacter"
"Catellatospora","Bacteria","Actinobacteriota","Actinobacteria","Micromonosporales","Micromonosporaceae","Catellatospora"
"Catelliglobosispora","Bacteria","Actinobacteriota","Actinobacteria","Micromonosporales","Micromonosporaceae","Catelliglobosispora"
"Catenibacillus","Bacteria","Firmicutes","Clostridia","Lachnospirales","Lachnospiraceae","Catenibacillus"
"Catenibacterium","Bacteria","Firmicutes","Bacilli","Erysipelotrichales","Erysipelatoclostridiaceae","Catenibacterium"
"Catenisphaera","Bacteria","Firmicutes","Bacilli","Erysipelotrichales","Erysipelotrichaceae","Catenisphaera"
"Caulobacter","Bacteria","Proteobacteria","Alphaproteobacteria","Caulobacterales","Caulobacteraceae","Caulobacter"
"Cavicella","Bacteria","Proteobacteria","Gammaproteobacteria","Pseudomonadales","Moraxellaceae","Cavicella"
"Caviibacter","Bacteria","Fusobacteriota","Fusobacteriia","Fusobacteriales","Leptotrichiaceae","Caviibacter"
"Cellulomonas","Bacteria","Actinobacteriota","Actinobacteria","Micrococcales","Cellulomonadaceae","Cellulomonas"
"Cellulosilyticum","Bacteria","Firmicutes","Clostridia","Lachnospirales","Lachnospiraceae","Cellulosilyticum"
"Cellvibrio","Bacteria","Proteobacteria","Gammaproteobacteria","Pseudomonadales","Cellvibrionaceae","Cellvibrio"
"Cephaloticoccus","Bacteria","Verrucomicrobiota","Verrucomicrobiae","Opitutales","Opitutaceae","Cephaloticoccus"
"Chelativorans","Bacteria","Proteobacteria","Alphaproteobacteria","Rhizobiales","Rhizobiaceae","Chelativorans"
"Chitinophaga","Bacteria","Bacteroidota","Bacteroidia","Chitinophagales","Chitinophagaceae","Chitinophaga"
"CHKCI001","Bacteria","Firmicutes","Clostridia","Lachnospirales","Lachnospiraceae","CHKCI001"
"CHKCI002","Bacteria","Actinobacteriota","Coriobacteriia","Coriobacteriales","Eggerthellaceae","CHKCI002"
"Christensenella","Bacteria","Firmicutes","Clostridia","Christensenellales","Christensenellaceae","Christensenella"
"Christensenellaceae R-7 group","Bacteria","Firmicutes","Clostridia","Christensenellales","Christensenellaceae","Christensenellaceae R-7 group"
"Chryseolinea","Bacteria","Bacteroidota","Bacteroidia","Cytophagales","Microscillaceae","Chryseolinea"
"Chthoniobacter","Bacteria","Verrucomicrobiota","Verrucomicrobiae","Chthoniobacterales","Chthoniobacteraceae","Chthoniobacter"
"Citrifermentans","Bacteria","Desulfobacterota","Desulfuromonadia","Geobacterales","Geobacteraceae","Citrifermentans"
"Citrobacter","Bacteria","Proteobacteria","Gammaproteobacteria","Enterobacterales","Enterobacteriaceae","Citrobacter"
"CL500-29 marine group","Bacteria","Actinobacteriota","Acidimicrobiia","Microtrichales","Ilumatobacteraceae","CL500-29 marine group"
"Cloacibacillus","Bacteria","Synergistota","Synergistia","Synergistales","Synergistaceae","Cloacibacillus"
"Clostridioides","Bacteria","Firmicutes","Clostridia","Peptostreptococcales-Tissierellales","Peptostreptococcaceae","Clostridioides"
"Clostridium sensu stricto 1","Bacteria","Firmicutes","Clostridia","Clostridiales","Clostridiaceae","Clostridium sensu stricto 1"
"Clostridium sensu stricto 13","Bacteria","Firmicutes","Clostridia","Clostridiales","Clostridiaceae","Clostridium sensu stricto 13"
"Clostridium sensu stricto 4","Bacteria","Firmicutes","Clostridia","Clostridiales","Clostridiaceae","Clostridium sensu stricto 4"
"Clostridium sensu stricto 8","Bacteria","Firmicutes","Clostridia","Clostridiales","Clostridiaceae","Clostridium sensu stricto 8"
"Cohnella","Bacteria","Firmicutes","Bacilli","Paenibacillales","Paenibacillaceae","Cohnella"
"Colidextribacter","Bacteria","Firmicutes","Clostridia","Oscillospirales","Oscillospiraceae","Colidextribacter"
"Collinsella","Bacteria","Actinobacteriota","Coriobacteriia","Coriobacteriales","Coriobacteriaceae","Collinsella"
"Comamonas","Bacteria","Proteobacteria","Gammaproteobacteria","Burkholderiales","Comamonadaceae","Comamonas"
"Conexibacter","Bacteria","Actinobacteriota","Thermoleophilia","Solirubrobacterales","Solirubrobacteraceae","Conexibacter"
"Conservatibacter","Bacteria","Proteobacteria","Gammaproteobacteria","Enterobacterales","Pasteurellaceae","Conservatibacter"
"Constrictibacter","Bacteria","Proteobacteria","Alphaproteobacteria","Puniceispirillales","Puniceispirillales Incertae Sedis","Constrictibacter"
"Coprobacillus","Bacteria","Firmicutes","Bacilli","Erysipelotrichales","Erysipelatoclostridiaceae","Coprobacillus"
"Coprobacter","Bacteria","Bacteroidota","Bacteroidia","Bacteroidales","Barnesiellaceae","Coprobacter"
"Coprococcus","Bacteria","Firmicutes","Clostridia","Lachnospirales","Lachnospiraceae","Coprococcus"
"Coriobacteriaceae UCG-002","Bacteria","Actinobacteriota","Coriobacteriia","Coriobacteriales","Atopobiaceae","Coriobacteriaceae UCG-002"
"Coriobacteriaceae UCG-003","Bacteria","Actinobacteriota","Coriobacteriia","Coriobacteriales","Atopobiaceae","Coriobacteriaceae UCG-003"
"Corynebacterium","Bacteria","Actinobacteriota","Actinobacteria","Corynebacteriales","Corynebacteriaceae","Corynebacterium"
"Coxiella","Bacteria","Proteobacteria","Gammaproteobacteria","Coxiellales","Coxiellaceae","Coxiella"
"Crenalkalicoccus","Bacteria","Proteobacteria","Alphaproteobacteria","Acetobacterales","Acetobacteraceae","Crenalkalicoccus"
"Crocinitomix","Bacteria","Bacteroidota","Bacteroidia","Flavobacteriales","Crocinitomicaceae","Crocinitomix"
"Crossiella","Bacteria","Actinobacteriota","Actinobacteria","Pseudonocardiales","Pseudonocardiaceae","Crossiella"
"Cuneatibacter","Bacteria","Firmicutes","Clostridia","Lachnospirales","Lachnospiraceae","Cuneatibacter"
"Cutibacterium","Bacteria","Actinobacteriota","Actinobacteria","Propionibacteriales","Propionibacteriaceae","Cutibacterium"
"Dactylosporangium","Bacteria","Actinobacteriota","Actinobacteria","Micromonosporales","Micromonosporaceae","Dactylosporangium"
"Daeguia","Bacteria","Proteobacteria","Alphaproteobacteria","Rhizobiales","Rhizobiaceae","Daeguia"
"Dechloromonas","Bacteria","Proteobacteria","Gammaproteobacteria","Burkholderiales","Rhodocyclaceae","Dechloromonas"
"Defluviicoccus","Bacteria","Proteobacteria","Alphaproteobacteria","Defluviicoccales","Defluviicoccaceae","Defluviicoccus"
"Defluviitaleaceae UCG-011","Bacteria","Firmicutes","Clostridia","Lachnospirales","Defluviitaleaceae","Defluviitaleaceae UCG-011"
"Desulfobaculum","Bacteria","Desulfobacterota","Desulfovibrionia","Desulfovibrionales","Desulfovibrionaceae","Desulfobaculum"
"Desulfovibrio","Bacteria","Desulfobacterota","Desulfovibrionia","Desulfovibrionales","Desulfovibrionaceae","Desulfovibrio"
"Dethiobacter","Bacteria","Firmicutes","Dethiobacteria","Dethiobacterales","Dethiobacteraceae","Dethiobacter"
"DEV008","Bacteria","Verrucomicrobiota","Verrucomicrobiae","Pedosphaerales","Pedosphaeraceae","DEV008"
"Devosia","Bacteria","Proteobacteria","Alphaproteobacteria","Rhizobiales","Devosiaceae","Devosia"
"Dialister","Bacteria","Firmicutes","Negativicutes","Veillonellales-Selenomonadales","Veillonellaceae","Dialister"
"Diaminobutyricibacter","Bacteria","Actinobacteriota","Actinobacteria","Micrococcales","Microbacteriaceae","Diaminobutyricibacter"
"Diaphorobacter","Bacteria","Proteobacteria","Gammaproteobacteria","Burkholderiales","Comamonadaceae","Diaphorobacter"
"Dielma","Bacteria","Firmicutes","Bacilli","Erysipelotrichales","Erysipelotrichaceae","Dielma"
"Dinghuibacter","Bacteria","Bacteroidota","Bacteroidia","Chitinophagales","Chitinophagaceae","Dinghuibacter"
"DNF00809","Bacteria","Actinobacteriota","Coriobacteriia","Coriobacteriales","Eggerthellaceae","DNF00809"
"Dokdonella","Bacteria","Proteobacteria","Gammaproteobacteria","Xanthomonadales","Rhodanobacteraceae","Dokdonella"
"Domibacillus","Bacteria","Firmicutes","Bacilli","Bacillales","Planococcaceae","Domibacillus"
"Dongia","Bacteria","Proteobacteria","Alphaproteobacteria","Dongiales","Dongiaceae","Dongia"
"Dorea","Bacteria","Firmicutes","Clostridia","Lachnospirales","Lachnospiraceae","Dorea"
"DTU089","Bacteria","Firmicutes","Clostridia","Oscillospirales","Ruminococcaceae","DTU089"
"Dubosiella","Bacteria","Firmicutes","Bacilli","Erysipelotrichales","Erysipelotrichaceae","Dubosiella"
"Dyadobacter","Bacteria","Bacteroidota","Bacteroidia","Cytophagales","Spirosomaceae","Dyadobacter"
"Dysgonomonas","Bacteria","Bacteroidota","Bacteroidia","Bacteroidales","Dysgonomonadaceae","Dysgonomonas"
"E1B-B3-114","Bacteria","Actinobacteriota","Actinobacteria","Streptomycetales","Streptomycetaceae","E1B-B3-114"
"Edaphobaculum","Bacteria","Bacteroidota","Bacteroidia","Chitinophagales","Chitinophagaceae","Edaphobaculum"
"Eggerthella","Bacteria","Actinobacteriota","Coriobacteriia","Coriobacteriales","Eggerthellaceae","Eggerthella"
"Egibacter","Bacteria","Actinobacteriota","Actinobacteria","Euzebyales","Euzebyaceae","Egibacter"
"Egicoccus","Bacteria","Actinobacteriota","Actinobacteria","Nitriliruptorales","Nitriliruptoraceae","Egicoccus"
"Eisenbergiella","Bacteria","Firmicutes","Clostridia","Lachnospirales","Lachnospiraceae","Eisenbergiella"
"Ellin516","Bacteria","Verrucomicrobiota","Verrucomicrobiae","Pedosphaerales","Pedosphaeraceae","Ellin516"
"Ellin517","Bacteria","Verrucomicrobiota","Verrucomicrobiae","Pedosphaerales","Pedosphaeraceae","Ellin517"
"Ellin6055","Bacteria","Proteobacteria","Alphaproteobacteria","Sphingomonadales","Sphingomonadaceae","Ellin6055"
"Ellin6067","Bacteria","Proteobacteria","Gammaproteobacteria","Burkholderiales","Nitrosomonadaceae","Ellin6067"
"Elusimicrobium","Bacteria","Elusimicrobiota","Elusimicrobia","Elusimicrobiales","Elusimicrobiaceae","Elusimicrobium"
"Enhydrobacter","Bacteria","Proteobacteria","Gammaproteobacteria","Pseudomonadales","Moraxellaceae","Enhydrobacter"
"Enorma","Bacteria","Actinobacteriota","Coriobacteriia","Coriobacteriales","Coriobacteriaceae","Enorma"
"Enterobacter","Bacteria","Proteobacteria","Gammaproteobacteria","Enterobacterales","Enterobacteriaceae","Enterobacter"
"Enterococcus","Bacteria","Firmicutes","Bacilli","Lactobacillales","Enterococcaceae","Enterococcus"
"Enterorhabdus","Bacteria","Actinobacteriota","Coriobacteriia","Coriobacteriales","Eggerthellaceae","Enterorhabdus"
"Enteroscipio","Bacteria","Actinobacteriota","Coriobacteriia","Coriobacteriales","Eggerthellaceae","Enteroscipio"
"Eoetvoesia","Bacteria","Proteobacteria","Gammaproteobacteria","Burkholderiales","Alcaligenaceae","Eoetvoesia"
"Epulopiscium","Bacteria","Firmicutes","Clostridia","Lachnospirales","Lachnospiraceae","Epulopiscium"
"Erysipelatoclostridium","Bacteria","Firmicutes","Bacilli","Erysipelotrichales","Erysipelatoclostridiaceae","Erysipelatoclostridium"
"Erysipelotrichaceae UCG-003","Bacteria","Firmicutes","Bacilli","Erysipelotrichales","Erysipelatoclostridiaceae","Erysipelotrichaceae UCG-003"
"Erysipelotrichaceae UCG-006","Bacteria","Firmicutes","Bacilli","Erysipelotrichales","Erysipelotrichaceae","Erysipelotrichaceae UCG-006"
"Escherichia-Shigella","Bacteria","Proteobacteria","Gammaproteobacteria","Enterobacterales","Enterobacteriaceae","Escherichia-Shigella"
"Eubacterium","Bacteria","Firmicutes","Clostridia","Eubacteriales","Eubacteriaceae","Eubacterium"
"Ezakiella","Bacteria","Firmicutes","Clostridia","Peptostreptococcales-Tissierellales","Family XI","Ezakiella"
"Faecalibacterium","Bacteria","Firmicutes","Clostridia","Oscillospirales","Ruminococcaceae","Faecalibacterium"
"Faecalibaculum","Bacteria","Firmicutes","Bacilli","Erysipelotrichales","Erysipelotrichaceae","Faecalibaculum"
"Faecalitalea","Bacteria","Firmicutes","Bacilli","Erysipelotrichales","Erysipelotrichaceae","Faecalitalea"
"Falsarthrobacter","Bacteria","Actinobacteriota","Actinobacteria","Micrococcales","Micrococcaceae","Falsarthrobacter"
"Family XIII AD3011 group","Bacteria","Firmicutes","Clostridia","Peptostreptococcales-Tissierellales","Anaerovoracaceae","Family XIII AD3011 group"
"Family XIII UCG-001","Bacteria","Firmicutes","Clostridia","Peptostreptococcales-Tissierellales","Anaerovoracaceae","Family XIII UCG-001"
"Fastidiosipila","Bacteria","Firmicutes","Clostridia","Oscillospirales","Hungateiclostridiaceae","Fastidiosipila"
"FD2005","Bacteria","Firmicutes","Clostridia","Lachnospirales","Lachnospiraceae","FD2005"
"Fenollaria","Bacteria","Firmicutes","Clostridia","Peptostreptococcales-Tissierellales","Family XI","Fenollaria"
"Ferruginibacter","Bacteria","Bacteroidota","Bacteroidia","Chitinophagales","Chitinophagaceae","Ferruginibacter"
"Filibacter","Bacteria","Firmicutes","Bacilli","Bacillales","Planococcaceae","Filibacter"
"Finegoldia","Bacteria","Firmicutes","Clostridia","Peptostreptococcales-Tissierellales","Family XI","Finegoldia"
"Flaviaesturariibacter","Bacteria","Bacteroidota","Bacteroidia","Chitinophagales","Chitinophagaceae","Flaviaesturariibacter"
"Flavihumibacter","Bacteria","Bacteroidota","Bacteroidia","Chitinophagales","Chitinophagaceae","Flavihumibacter"
"Flavisolibacter","Bacteria","Bacteroidota","Bacteroidia","Chitinophagales","Chitinophagaceae","Flavisolibacter"
"Flavitalea","Bacteria","Bacteroidota","Bacteroidia","Chitinophagales","Chitinophagaceae","Flavitalea"
"Flavobacterium","Bacteria","Bacteroidota","Bacteroidia","Flavobacteriales","Flavobacteriaceae","Flavobacterium"
"Flavonifractor","Bacteria","Firmicutes","Clostridia","Oscillospirales","Oscillospiraceae","Flavonifractor"
"Floricoccus","Bacteria","Firmicutes","Bacilli","Lactobacillales","Streptococcaceae","Floricoccus"
"Fluviicola","Bacteria","Bacteroidota","Bacteroidia","Flavobacteriales","Crocinitomicaceae","Fluviicola"
"Fontimonas","Bacteria","Proteobacteria","Gammaproteobacteria","Salinisphaerales","Solimonadaceae","Fontimonas"
"Fournierella","Bacteria","Firmicutes","Clostridia","Oscillospirales","Ruminococcaceae","Fournierella"
"Frisingicoccus","Bacteria","Firmicutes","Clostridia","Lachnospirales","Lachnospiraceae","Frisingicoccus"
"Fusicatenibacter","Bacteria","Firmicutes","Clostridia","Lachnospirales","Lachnospiraceae","Fusicatenibacter"
"Fusobacterium","Bacteria","Fusobacteriota","Fusobacteriia","Fusobacteriales","Fusobacteriaceae","Fusobacterium"
"Gaiella","Bacteria","Actinobacteriota","Thermoleophilia","Gaiellales","Gaiellaceae","Gaiella"
"Galbitalea","Bacteria","Actinobacteriota","Actinobacteria","Micrococcales","Microbacteriaceae","Galbitalea"
"Gallicola","Bacteria","Firmicutes","Clostridia","Peptostreptococcales-Tissierellales","Family XI","Gallicola"
"GCA-900066575","Bacteria","Firmicutes","Clostridia","Lachnospirales","Lachnospiraceae","GCA-900066575"
"GCA-900066755","Bacteria","Firmicutes","Clostridia","Lachnospirales","Lachnospiraceae","GCA-900066755"
"Gemella","Bacteria","Firmicutes","Bacilli","Staphylococcales","Gemellaceae","Gemella"
"Gemmatimonas","Bacteria","Gemmatimonadota","Gemmatimonadetes","Gemmatimonadales","Gemmatimonadaceae","Gemmatimonas"
"Gemmatirosa","Bacteria","Gemmatimonadota","Gemmatimonadetes","Gemmatimonadales","Gemmatimonadaceae","Gemmatirosa"
"Georgfuchsia","Bacteria","Proteobacteria","Gammaproteobacteria","Burkholderiales","Rhodocyclaceae","Georgfuchsia"
"Gordonibacter","Bacteria","Actinobacteriota","Coriobacteriia","Coriobacteriales","Eggerthellaceae","Gordonibacter"
"Granulicatella","Bacteria","Firmicutes","Bacilli","Lactobacillales","Carnobacteriaceae","Granulicatella"
"GTL1","Bacteria","Patescibacteria","Saccharimonadia","Saccharimonadales","Saccharimonadaceae","GTL1"
"GWD2-49-16","Bacteria","Chloroflexi","Anaerolineae","Anaerolineales","Anaerolineaceae","GWD2-49-16"
"Haemophilus","Bacteria","Proteobacteria","Gammaproteobacteria","Enterobacterales","Pasteurellaceae","Haemophilus"
"Hafnia-Obesumbacterium","Bacteria","Proteobacteria","Gammaproteobacteria","Enterobacterales","Hafniaceae","Hafnia-Obesumbacterium"
"Haliangium","Bacteria","Myxococcota","Polyangia","Haliangiales","Haliangiaceae","Haliangium"
"Halomonas","Bacteria","Proteobacteria","Gammaproteobacteria","Pseudomonadales","Halomonadaceae","Halomonas"
"Harryflintia","Bacteria","Firmicutes","Clostridia","Oscillospirales","Ruminococcaceae","Harryflintia"
"Hassallia","Bacteria","Bacteroidota","Bacteroidia","Cytophagales","Microscillaceae","Hassallia"
"Helicobacter","Bacteria","Campylobacterota","Campylobacteria","Campylobacterales","Helicobacteraceae","Helicobacter"
"Hephaestia","Bacteria","Proteobacteria","Alphaproteobacteria","Sphingomonadales","Sphingomonadaceae","Hephaestia"
"Herpetosiphon","Bacteria","Chloroflexi","Chloroflexia","Chloroflexales","Herpetosiphonaceae","Herpetosiphon"
"Hirschia","Bacteria","Proteobacteria","Alphaproteobacteria","Caulobacterales","Hyphomonadaceae","Hirschia"
"Holdemanella","Bacteria","Firmicutes","Bacilli","Erysipelotrichales","Erysipelotrichaceae","Holdemanella"
"Holdemania","Bacteria","Firmicutes","Bacilli","Erysipelotrichales","Erysipelotrichaceae","Holdemania"
"Holzapfelia","Bacteria","Firmicutes","Bacilli","Lactobacillales","Lactobacillaceae","Holzapfelia"
"Howardella","Bacteria","Firmicutes","Clostridia","Lachnospirales","Lachnospiraceae","Howardella"
"HT002","Bacteria","Firmicutes","Bacilli","Lactobacillales","Lactobacillaceae","HT002"
"Hungatella","Bacteria","Firmicutes","Clostridia","Lachnospirales","Lachnospiraceae","Hungatella"
"Hyalangium","Bacteria","Myxococcota","Myxococcia","Myxococcales","Myxococcaceae","Hyalangium"
"Hydrogenophaga","Bacteria","Proteobacteria","Gammaproteobacteria","Burkholderiales","Comamonadaceae","Hydrogenophaga"
"Hymenobacter","Bacteria","Bacteroidota","Bacteroidia","Cytophagales","Hymenobacteraceae","Hymenobacter"
"Hyphomicrobium","Bacteria","Proteobacteria","Alphaproteobacteria","Rhizobiales","Hyphomicrobiaceae","Hyphomicrobium"
"Iamia","Bacteria","Actinobacteriota","Acidimicrobiia","Microtrichales","Iamiaceae","Iamia"
"Ilumatobacter","Bacteria","Actinobacteriota","Acidimicrobiia","Microtrichales","Ilumatobacteraceae","Ilumatobacter"
"IMCC26207","Bacteria","Actinobacteriota","Acidimicrobiia","Microtrichales","Microtrichaceae","IMCC26207"
"Intestinibacter","Bacteria","Firmicutes","Clostridia","Peptostreptococcales-Tissierellales","Peptostreptococcaceae","Intestinibacter"
"Intestinimonas","Bacteria","Firmicutes","Clostridia","Oscillospirales","Oscillospiraceae","Intestinimonas"
"IS-44","Bacteria","Proteobacteria","Gammaproteobacteria","Burkholderiales","Nitrosomonadaceae","IS-44"
"JCM 18997","Bacteria","Actinobacteriota","Thermoleophilia","Solirubrobacterales","Solirubrobacteraceae","JCM 18997"
"JGI 0001001-H03","Bacteria","Acidobacteriota","Blastocatellia","Blastocatellales","Blastocatellaceae","JGI 0001001-H03"
"JTB255 marine benthic group","Bacteria","Proteobacteria","Gammaproteobacteria","Steroidobacterales","Woeseiaceae","JTB255 marine benthic group"
"Kandleria","Bacteria","Firmicutes","Bacilli","Erysipelotrichales","Erysipelatoclostridiaceae","Kandleria"
"KD3-10","Bacteria","Myxococcota","Myxococcia","Myxococcales","Myxococcaceae","KD3-10"
"Klebsiella","Bacteria","Proteobacteria","Gammaproteobacteria","Enterobacterales","Enterobacteriaceae","Klebsiella"
"Kluyvera","Bacteria","Proteobacteria","Gammaproteobacteria","Enterobacterales","Enterobacteriaceae","Kluyvera"
"Krasilnikovia","Bacteria","Actinobacteriota","Actinobacteria","Micromonosporales","Micromonosporaceae","Krasilnikovia"
"Kribbella","Bacteria","Actinobacteriota","Actinobacteria","Propionibacteriales","Nocardioidaceae","Kribbella"
"Kurthia","Bacteria","Firmicutes","Bacilli","Bacillales","Planococcaceae","Kurthia"
"Labedaea","Bacteria","Actinobacteriota","Actinobacteria","Pseudonocardiales","Pseudonocardiaceae","Labedaea"
"Labrys","Bacteria","Proteobacteria","Alphaproteobacteria","Rhizobiales","Labraceae","Labrys"
"Lachnoanaerobaculum","Bacteria","Firmicutes","Clostridia","Lachnospirales","Lachnospiraceae","Lachnoanaerobaculum"
"Lachnoclostridium","Bacteria","Firmicutes","Clostridia","Lachnospirales","Lachnospiraceae","Lachnoclostridium"
"Lachnospira","Bacteria","Firmicutes","Clostridia","Lachnospirales","Lachnospiraceae","Lachnospira"
"Lachnospiraceae AC2044 group","Bacteria","Firmicutes","Clostridia","Lachnospirales","Lachnospiraceae","Lachnospiraceae AC2044 group"
"Lachnospiraceae FCS020 group","Bacteria","Firmicutes","Clostridia","Lachnospirales","Lachnospiraceae","Lachnospiraceae FCS020 group"
"Lachnospiraceae FE2018 group","Bacteria","Firmicutes","Clostridia","Lachnospirales","Lachnospiraceae","Lachnospiraceae FE2018 group"
"Lachnospiraceae NC2004 group","Bacteria","Firmicutes","Clostridia","Lachnospirales","Lachnospiraceae","Lachnospiraceae NC2004 group"
"Lachnospiraceae ND3007 group","Bacteria","Firmicutes","Clostridia","Lachnospirales","Lachnospiraceae","Lachnospiraceae ND3007 group"
"Lachnospiraceae NK3A20 group","Bacteria","Firmicutes","Clostridia","Lachnospirales","Lachnospiraceae","Lachnospiraceae NK3A20 group"
"Lachnospiraceae NK4A136 group","Bacteria","Firmicutes","Clostridia","Lachnospirales","Lachnospiraceae","Lachnospiraceae NK4A136 group"
"Lachnospiraceae NK4B4 group","Bacteria","Firmicutes","Clostridia","Lachnospirales","Lachnospiraceae","Lachnospiraceae NK4B4 group"
"Lachnospiraceae UCG-001","Bacteria","Firmicutes","Clostridia","Lachnospirales","Lachnospiraceae","Lachnospiraceae UCG-001"
"Lachnospiraceae UCG-002","Bacteria","Firmicutes","Clostridia","Lachnospirales","Lachnospiraceae","Lachnospiraceae UCG-002"
"Lachnospiraceae UCG-003","Bacteria","Firmicutes","Clostridia","Lachnospirales","Lachnospiraceae","Lachnospiraceae UCG-003"
"Lachnospiraceae UCG-004","Bacteria","Firmicutes","Clostridia","Lachnospirales","Lachnospiraceae","Lachnospiraceae UCG-004"
"Lachnospiraceae UCG-006","Bacteria","Firmicutes","Clostridia","Lachnospirales","Lachnospiraceae","Lachnospiraceae UCG-006"
"Lachnospiraceae UCG-007","Bacteria","Firmicutes","Clostridia","Lachnospirales","Lachnospiraceae","Lachnospiraceae UCG-007"
"Lachnospiraceae UCG-008","Bacteria","Firmicutes","Clostridia","Lachnospirales","Lachnospiraceae","Lachnospiraceae UCG-008"
"Lachnospiraceae UCG-009","Bacteria","Firmicutes","Clostridia","Lachnospirales","Lachnospiraceae","Lachnospiraceae UCG-009"
"Lachnospiraceae UCG-010","Bacteria","Firmicutes","Clostridia","Lachnospirales","Lachnospiraceae","Lachnospiraceae UCG-010"
"Lachnotalea","Bacteria","Firmicutes","Clostridia","Lachnospirales","Lachnospiraceae","Lachnotalea"
"Lacibacter","Bacteria","Bacteroidota","Bacteroidia","Chitinophagales","Chitinophagaceae","Lacibacter"
"Lacibacterium","Bacteria","Proteobacteria","Alphaproteobacteria","Elsterales","Elsteraceae","Lacibacterium"
"Lacticaseibacillus","Bacteria","Firmicutes","Bacilli","Lactobacillales","Lactobacillaceae","Lacticaseibacillus"
"Lactiplantibacillus","Bacteria","Firmicutes","Bacilli","Lactobacillales","Lactobacillaceae","Lactiplantibacillus"
"Lactobacillus","Bacteria","Firmicutes","Bacilli","Lactobacillales","Lactobacillaceae","Lactobacillus"
"Lactococcus","Bacteria","Firmicutes","Bacilli","Lactobacillales","Streptococcaceae","Lactococcus"
"Lactonifactor","Bacteria","Firmicutes","Clostridia","Lachnospirales","Lachnospiraceae","Lactonifactor"
"Lacunisphaera","Bacteria","Verrucomicrobiota","Verrucomicrobiae","Opitutales","Opitutaceae","Lacunisphaera"
"Latilactobacillus","Bacteria","Firmicutes","Bacilli","Lactobacillales","Lactobacillaceae","Latilactobacillus"
"Lautropia","Bacteria","Proteobacteria","Gammaproteobacteria","Burkholderiales","Burkholderiaceae","Lautropia"
"Lawsonella","Bacteria","Actinobacteriota","Actinobacteria","Corynebacteriales","Corynebacteriaceae","Lawsonella"
"Lechevalieria","Bacteria","Actinobacteriota","Actinobacteria","Pseudonocardiales","Pseudonocardiaceae","Lechevalieria"
"Legionella","Bacteria","Proteobacteria","Gammaproteobacteria","Legionellales","Legionellaceae","Legionella"
"Lelliottia","Bacteria","Proteobacteria","Gammaproteobacteria","Enterobacterales","Enterobacteriaceae","Lelliottia"
"Leptothrix","Bacteria","Proteobacteria","Gammaproteobacteria","Burkholderiales","Comamonadaceae","Leptothrix"
"Leuconostoc","Bacteria","Firmicutes","Bacilli","Lactobacillales","Lactobacillaceae","Leuconostoc"
"Levilactobacillus","Bacteria","Firmicutes","Bacilli","Lactobacillales","Lactobacillaceae","Levilactobacillus"
"Libanicoccus","Bacteria","Actinobacteriota","Coriobacteriia","Coriobacteriales","Atopobiaceae","Libanicoccus"
"Ligilactobacillus","Bacteria","Firmicutes","Bacilli","Lactobacillales","Lactobacillaceae","Ligilactobacillus"
"Limibaculum","Bacteria","Proteobacteria","Alphaproteobacteria","Rhodobacterales","Rhodobacteraceae","Limibaculum"
"Limisphaera","Bacteria","Verrucomicrobiota","Verrucomicrobiae","Pedosphaerales","Pedosphaeraceae","Limisphaera"
"Limnobacter","Bacteria","Proteobacteria","Gammaproteobacteria","Burkholderiales","Burkholderiaceae","Limnobacter"
"Limosilactobacillus","Bacteria","Firmicutes","Bacilli","Lactobacillales","Lactobacillaceae","Limosilactobacillus"
"Litorilinea","Bacteria","Chloroflexi","Anaerolineae","Caldilineales","Caldilineaceae","Litorilinea"
"Longimicrobium","Bacteria","Gemmatimonadota","Longimicrobia","Longimicrobiales","Longimicrobiaceae","Longimicrobium"
"Longispora","Bacteria","Actinobacteriota","Actinobacteria","Micromonosporales","Micromonosporaceae","Longispora"
"Luedemannella","Bacteria","Actinobacteriota","Actinobacteria","Micromonosporales","Micromonosporaceae","Luedemannella"
"Luteimonas","Bacteria","Proteobacteria","Gammaproteobacteria","Xanthomonadales","Xanthomonadaceae","Luteimonas"
"Luteitalea","Bacteria","Acidobacteriota","Vicinamibacteria","Vicinamibacterales","Vicinamibacteraceae","Luteitalea"
"Luteolibacter","Bacteria","Verrucomicrobiota","Verrucomicrobiae","Verrucomicrobiales","Rubritaleaceae","Luteolibacter"
"Lysinibacillus","Bacteria","Firmicutes","Bacilli","Bacillales","Planococcaceae","Lysinibacillus"
"Lysobacter","Bacteria","Proteobacteria","Gammaproteobacteria","Xanthomonadales","Xanthomonadaceae","Lysobacter"
"Marmoricola","Bacteria","Actinobacteriota","Actinobacteria","Propionibacteriales","Nocardioidaceae","Marmoricola"
"Marvinbryantia","Bacteria","Firmicutes","Clostridia","Lachnospirales","Lachnospiraceae","Marvinbryantia"
"Massilia","Bacteria","Proteobacteria","Gammaproteobacteria","Burkholderiales","Oxalobacteraceae","Massilia"
"Megamonas","Bacteria","Firmicutes","Negativicutes","Veillonellales-Selenomonadales","Selenomonadaceae","Megamonas"
"Megasphaera","Bacteria","Firmicutes","Negativicutes","Veillonellales-Selenomonadales","Veillonellaceae","Megasphaera"
"Merdibacter","Bacteria","Firmicutes","Bacilli","Erysipelotrichales","Erysipelotrichaceae","Merdibacter"
"Mesorhizobium","Bacteria","Proteobacteria","Alphaproteobacteria","Rhizobiales","Rhizobiaceae","Mesorhizobium"
"Methanobrevibacter","Archaea","Euryarchaeota","Methanobacteria","Methanobacteriales","Methanobacteriaceae","Methanobrevibacter"
"Methanomassiliicoccus","Archaea","Thermoplasmatota","Thermoplasmata","Methanomassiliicoccales","Methanomassiliicoccaceae","Methanomassiliicoccus"
"Methanosphaera","Archaea","Euryarchaeota","Methanobacteria","Methanobacteriales","Methanobacteriaceae","Methanosphaera"
"Methylobacillus","Bacteria","Proteobacteria","Gammaproteobacteria","Burkholderiales","Methylophilaceae","Methylobacillus"
"Methylobacter","Bacteria","Proteobacteria","Gammaproteobacteria","Methylococcales","Methylomonadaceae","Methylobacter"
"Methylobacterium-Methylorubrum","Bacteria","Proteobacteria","Alphaproteobacteria","Rhizobiales","Beijerinckiaceae","Methylobacterium-Methylorubrum"
"Methylobrevis","Bacteria","Proteobacteria","Alphaproteobacteria","Rhizobiales","Pleomorphomonadaceae","Methylobrevis"
"Methyloceanibacter","Bacteria","Proteobacteria","Alphaproteobacteria","Rhizobiales","Methyloligellaceae","Methyloceanibacter"
"Methyloligella","Bacteria","Proteobacteria","Alphaproteobacteria","Rhizobiales","Methyloligellaceae","Methyloligella"
"Methylotenera","Bacteria","Proteobacteria","Gammaproteobacteria","Burkholderiales","Methylophilaceae","Methylotenera"
"Microbacterium","Bacteria","Actinobacteriota","Actinobacteria","Micrococcales","Microbacteriaceae","Microbacterium"
"Microlunatus","Bacteria","Actinobacteriota","Actinobacteria","Propionibacteriales","Propionibacteriaceae","Microlunatus"
"Microvirga","Bacteria","Proteobacteria","Alphaproteobacteria","Rhizobiales","Beijerinckiaceae","Microvirga"
"Millisia","Bacteria","Actinobacteriota","Actinobacteria","Corynebacteriales","Nocardiaceae","Millisia"
"Minicystis","Bacteria","Myxococcota","Polyangia","Polyangiales","Polyangiaceae","Minicystis"
"Mitsuokella","Bacteria","Firmicutes","Negativicutes","Veillonellales-Selenomonadales","Selenomonadaceae","Mitsuokella"
"MIZ17","Bacteria","Methylomirabilota","Methylomirabilia","Methylomirabilales","Methylomirabilaceae","MIZ17"
"mle1-7","Bacteria","Proteobacteria","Gammaproteobacteria","Burkholderiales","Nitrosomonadaceae","mle1-7"
"MM2","Bacteria","Proteobacteria","Gammaproteobacteria","Burkholderiales","Methylophilaceae","MM2"
"MN 122.2a","Bacteria","Proteobacteria","Alphaproteobacteria","Sphingomonadales","Sphingomonadaceae","MN 122.2a"
"MND1","Bacteria","Proteobacteria","Gammaproteobacteria","Burkholderiales","Nitrosomonadaceae","MND1"
"Mogibacterium","Bacteria","Firmicutes","Clostridia","Peptostreptococcales-Tissierellales","Anaerovoracaceae","Mogibacterium"
"Monoglobus","Bacteria","Firmicutes","Clostridia","Monoglobales","Monoglobaceae","Monoglobus"
"Mucilaginibacter","Bacteria","Bacteroidota","Bacteroidia","Sphingobacteriales","Sphingobacteriaceae","Mucilaginibacter"
"Mucispirillum","Bacteria","Deferribacterota","Deferribacteres","Deferribacterales","Deferribacteraceae","Mucispirillum"
"Muribaculum","Bacteria","Bacteroidota","Bacteroidia","Bacteroidales","Muribaculaceae","Muribaculum"
"Murimonas","Bacteria","Firmicutes","Clostridia","Lachnospirales","Lachnospiraceae","Murimonas"
"Mycobacterium","Bacteria","Actinobacteriota","Actinobacteria","Corynebacteriales","Mycobacteriaceae","Mycobacterium"
"Nakamurella","Bacteria","Actinobacteriota","Actinobacteria","Frankiales","Nakamurellaceae","Nakamurella"
"Nannocystis","Bacteria","Myxococcota","Polyangia","Nannocystales","Nannocystaceae","Nannocystis"
"Negativibacillus","Bacteria","Firmicutes","Clostridia","Oscillospirales","Ruminococcaceae","Negativibacillus"
"Neo-b11","Bacteria","Proteobacteria","Alphaproteobacteria","Rhizobiales","Beijerinckiaceae","Neo-b11"
"Neoscardovia","Bacteria","Actinobacteriota","Actinobacteria","Bifidobacteriales","Bifidobacteriaceae","Neoscardovia"
"Nesterenkonia","Bacteria","Actinobacteriota","Actinobacteria","Micrococcales","Micrococcaceae","Nesterenkonia"
"Niastella","Bacteria","Bacteroidota","Bacteroidia","Chitinophagales","Chitinophagaceae","Niastella"
"Nitrobacter","Bacteria","Proteobacteria","Alphaproteobacteria","Rhizobiales","Xanthobacteraceae","Nitrobacter"
"Nitrolancea","Bacteria","Chloroflexi","Chloroflexia","Thermomicrobiales","Thermomicrobiaceae","Nitrolancea"
"Nitrosococcus","Bacteria","Proteobacteria","Gammaproteobacteria","Nitrosococcales","Nitrosococcaceae","Nitrosococcus"
"Nitrosomonas","Bacteria","Proteobacteria","Gammaproteobacteria","Burkholderiales","Nitrosomonadaceae","Nitrosomonas"
"Nitrosospira","Bacteria","Proteobacteria","Gammaproteobacteria","Burkholderiales","Nitrosomonadaceae","Nitrosospira"
"Nitrospira","Bacteria","Nitrospirota","Nitrospiria","Nitrospirales","Nitrospiraceae","Nitrospira"
"Niveitalea","Bacteria","Bacteroidota","Bacteroidia","Chitinophagales","Chitinophagaceae","Niveitalea"
"NK4A214 group","Bacteria","Firmicutes","Clostridia","Oscillospirales","Oscillospiraceae","NK4A214 group"
"Nocardia","Bacteria","Actinobacteriota","Actinobacteria","Corynebacteriales","Nocardiaceae","Nocardia"
"Nocardioides","Bacteria","Actinobacteriota","Actinobacteria","Propionibacteriales","Nocardioidaceae","Nocardioides"
"Nonomuraea","Bacteria","Actinobacteriota","Actinobacteria","Streptosporangiales","Streptosporangiaceae","Nonomuraea"
"Nordella","Bacteria","Proteobacteria","Alphaproteobacteria","Rhizobiales","Rhizobiales Incertae Sedis","Nordella"
"Noviherbaspirillum","Bacteria","Proteobacteria","Gammaproteobacteria","Burkholderiales","Oxalobacteraceae","Noviherbaspirillum"
"Novosphingobium","Bacteria","Proteobacteria","Alphaproteobacteria","Sphingomonadales","Sphingomonadaceae","Novosphingobium"
"oc32","Bacteria","Proteobacteria","Gammaproteobacteria","Burkholderiales","Nitrosomonadaceae","oc32"
"Oceanicaulis","Bacteria","Proteobacteria","Alphaproteobacteria","Caulobacterales","Hyphomonadaceae","Oceanicaulis"
"Oceanicella","Bacteria","Proteobacteria","Alphaproteobacteria","Rhodobacterales","Rhodobacteraceae","Oceanicella"
"Odoribacter","Bacteria","Bacteroidota","Bacteroidia","Bacteroidales","Marinifilaceae","Odoribacter"
"Ohtaekwangia","Bacteria","Bacteroidota","Bacteroidia","Cytophagales","Microscillaceae","Ohtaekwangia"
"OLB12","Bacteria","Bacteroidota","Bacteroidia","Cytophagales","Microscillaceae","OLB12"
"OLB17","Bacteria","Acidobacteriota","Blastocatellia","Blastocatellales","Blastocatellaceae","OLB17"
"Oleomonas","Bacteria","Proteobacteria","Alphaproteobacteria","Zavarziniales","Zavarziniaceae","Oleomonas"
"Oligoflexus","Bacteria","Bdellovibrionota","Oligoflexia","Oligoflexales","Oligoflexaceae","Oligoflexus"
"Oligotropha","Bacteria","Proteobacteria","Alphaproteobacteria","Rhizobiales","Xanthobacteraceae","Oligotropha"
"Olsenella","Bacteria","Actinobacteriota","Coriobacteriia","Coriobacteriales","Atopobiaceae","Olsenella"
"OM27 clade","Bacteria","Bdellovibrionota","Bdellovibrionia","Bdellovibrionales","Bdellovibrionaceae","OM27 clade"
"OM60(NOR5) clade","Bacteria","Proteobacteria","Gammaproteobacteria","Pseudomonadales","Halieaceae","OM60(NOR5) clade"
"Opitutus","Bacteria","Verrucomicrobiota","Verrucomicrobiae","Opitutales","Opitutaceae","Opitutus"
"Oribacterium","Bacteria","Firmicutes","Clostridia","Lachnospirales","Lachnospiraceae","Oribacterium"
"Oscillibacter","Bacteria","Firmicutes","Clostridia","Oscillospirales","Oscillospiraceae","Oscillibacter"
"Oscillospira","Bacteria","Firmicutes","Clostridia","Oscillospirales","Oscillospiraceae","Oscillospira"
"Oxalobacter","Bacteria","Proteobacteria","Gammaproteobacteria","Burkholderiales","Oxalobacteraceae","Oxalobacter"
"P3OB-42","Bacteria","Myxococcota","Myxococcia","Myxococcales","Myxococcaceae","P3OB-42"
"P3OB-51","Bacteria","Proteobacteria","Gammaproteobacteria","Burkholderiales","Nitrosomonadaceae","P3OB-51"
"Paenibacillus","Bacteria","Firmicutes","Bacilli","Paenibacillales","Paenibacillaceae","Paenibacillus"
"Paeniclostridium","Bacteria","Firmicutes","Clostridia","Peptostreptococcales-Tissierellales","Peptostreptococcaceae","Paeniclostridium"
"Paenisporosarcina","Bacteria","Firmicutes","Bacilli","Bacillales","Planococcaceae","Paenisporosarcina"
"Pajaroellobacter","Bacteria","Myxococcota","Polyangia","Polyangiales","Polyangiaceae","Pajaroellobacter"
"Paludicola","Bacteria","Firmicutes","Clostridia","Oscillospirales","Ruminococcaceae","Paludicola"
"Panacagrimonas","Bacteria","Proteobacteria","Gammaproteobacteria","Salinisphaerales","Solimonadaceae","Panacagrimonas"
"Papillibacter","Bacteria","Firmicutes","Clostridia","Oscillospirales","Oscillospiraceae","Papillibacter"
"Parabacteroides","Bacteria","Bacteroidota","Bacteroidia","Bacteroidales","Tannerellaceae","Parabacteroides"
"Parablastomonas","Bacteria","Proteobacteria","Alphaproteobacteria","Sphingomonadales","Sphingomonadaceae","Parablastomonas"
"Paracoccus","Bacteria","Proteobacteria","Alphaproteobacteria","Rhodobacterales","Rhodobacteraceae","Paracoccus"
"Paraherbaspirillum","Bacteria","Proteobacteria","Gammaproteobacteria","Burkholderiales","Oxalobacteraceae","Paraherbaspirillum"
"Paralcaligenes","Bacteria","Proteobacteria","Gammaproteobacteria","Burkholderiales","Alcaligenaceae","Paralcaligenes"
"Paramesorhizobium","Bacteria","Proteobacteria","Alphaproteobacteria","Rhizobiales","Rhizobiaceae","Paramesorhizobium"
"Paraprevotella","Bacteria","Bacteroidota","Bacteroidia","Bacteroidales","Prevotellaceae","Paraprevotella"
"Parapusillimonas","Bacteria","Proteobacteria","Gammaproteobacteria","Burkholderiales","Alcaligenaceae","Parapusillimonas"
"Parasegetibacter","Bacteria","Bacteroidota","Bacteroidia","Chitinophagales","Chitinophagaceae","Parasegetibacter"
"Parasporobacterium","Bacteria","Firmicutes","Clostridia","Lachnospirales","Lachnospiraceae","Parasporobacterium"
"Parasutterella","Bacteria","Proteobacteria","Gammaproteobacteria","Burkholderiales","Sutterellaceae","Parasutterella"
"Parvimonas","Bacteria","Firmicutes","Clostridia","Peptostreptococcales-Tissierellales","Family XI","Parvimonas"
"Parviterribacter","Bacteria","Actinobacteriota","Thermoleophilia","Solirubrobacterales","Solirubrobacteraceae","Parviterribacter"
"Paucibacter","Bacteria","Proteobacteria","Gammaproteobacteria","Burkholderiales","Comamonadaceae","Paucibacter"
"Pediococcus","Bacteria","Firmicutes","Bacilli","Lactobacillales","Lactobacillaceae","Pediococcus"
"Pedobacter","Bacteria","Bacteroidota","Bacteroidia","Sphingobacteriales","Sphingobacteriaceae","Pedobacter"
"Pedomicrobium","Bacteria","Proteobacteria","Alphaproteobacteria","Rhizobiales","Hyphomicrobiaceae","Pedomicrobium"
"Pelagibacterium","Bacteria","Proteobacteria","Alphaproteobacteria","Rhizobiales","Devosiaceae","Pelagibacterium"
"Pelagibius","Bacteria","Proteobacteria","Alphaproteobacteria","Kiloniellales","Kiloniellaceae","Pelagibius"
"Peptococcus","Bacteria","Firmicutes","Clostridia","Peptococcales","Peptococcaceae","Peptococcus"
"Peptoniphilus","Bacteria","Firmicutes","Clostridia","Peptostreptococcales-Tissierellales","Family XI","Peptoniphilus"
"Peptostreptococcus","Bacteria","Firmicutes","Clostridia","Peptostreptococcales-Tissierellales","Peptostreptococcaceae","Peptostreptococcus"
"Peredibacter","Bacteria","Bdellovibrionota","Bdellovibrionia","Bacteriovoracales","Bacteriovoracaceae","Peredibacter"
"Phascolarctobacterium","Bacteria","Firmicutes","Negativicutes","Acidaminococcales","Acidaminococcaceae","Phascolarctobacterium"
"Phaselicystis","Bacteria","Myxococcota","Polyangia","Polyangiales","Phaselicystidaceae","Phaselicystis"
"Phenylobacterium","Bacteria","Proteobacteria","Alphaproteobacteria","Caulobacterales","Caulobacteraceae","Phenylobacterium"
"Phocea","Bacteria","Firmicutes","Clostridia","Oscillospirales","Ruminococcaceae","Phocea"
"Phreatobacter","Bacteria","Proteobacteria","Alphaproteobacteria","Rhizobiales","Rhizobiales Incertae Sedis","Phreatobacter"
"Phyllobacterium","Bacteria","Proteobacteria","Alphaproteobacteria","Rhizobiales","Rhizobiaceae","Phyllobacterium"
"Pirellula","Bacteria","Planctomycetota","Planctomycetes","Pirellulales","Pirellulaceae","Pirellula"
"Piscinibacter","Bacteria","Proteobacteria","Gammaproteobacteria","Burkholderiales","Comamonadaceae","Piscinibacter"
"Plot4-2H12","Bacteria","Proteobacteria","Alphaproteobacteria","Sphingomonadales","Sphingomonadaceae","Plot4-2H12"
"Polaromonas","Bacteria","Proteobacteria","Gammaproteobacteria","Burkholderiales","Comamonadaceae","Polaromonas"
"Polyangium","Bacteria","Myxococcota","Polyangia","Polyangiales","Polyangiaceae","Polyangium"
"Polycyclovorans","Bacteria","Proteobacteria","Gammaproteobacteria","Salinisphaerales","Solimonadaceae","Polycyclovorans"
"Polymorphospora","Bacteria","Actinobacteriota","Actinobacteria","Micromonosporales","Micromonosporaceae","Polymorphospora"
"Pontibacter","Bacteria","Bacteroidota","Bacteroidia","Cytophagales","Hymenobacteraceae","Pontibacter"
"Porphyrobacter","Bacteria","Proteobacteria","Alphaproteobacteria","Sphingomonadales","Sphingomonadaceae","Porphyrobacter"
"Porphyromonas","Bacteria","Bacteroidota","Bacteroidia","Bacteroidales","Porphyromonadaceae","Porphyromonas"
"Porticoccus","Bacteria","Proteobacteria","Gammaproteobacteria","Pseudomonadales","Porticoccaceae","Porticoccus"
"possible genus 04","Bacteria","Fibrobacterota","Fibrobacteria","Fibrobacterales","Fibrobacteraceae","possible genus 04"
"Povalibacter","Bacteria","Proteobacteria","Gammaproteobacteria","Steroidobacterales","Steroidobacteraceae","Povalibacter"
"Prevotella","Bacteria","Bacteroidota","Bacteroidia","Bacteroidales","Prevotellaceae","Prevotella"
"Prevotella_7","Bacteria","Bacteroidota","Bacteroidia","Bacteroidales","Prevotellaceae","Prevotella_7"
"Prevotella_9","Bacteria","Bacteroidota","Bacteroidia","Bacteroidales","Prevotellaceae","Prevotella_9"
"Prevotellaceae NK3B31 group","Bacteria","Bacteroidota","Bacteroidia","Bacteroidales","Prevotellaceae","Prevotellaceae NK3B31 group"
"Prevotellaceae UCG-001","Bacteria","Bacteroidota","Bacteroidia","Bacteroidales","Prevotellaceae","Prevotellaceae UCG-001"
"Prevotellaceae UCG-003","Bacteria","Bacteroidota","Bacteroidia","Bacteroidales","Prevotellaceae","Prevotellaceae UCG-003"
"Promicromonospora","Bacteria","Actinobacteriota","Actinobacteria","Micrococcales","Promicromonosporaceae","Promicromonospora"
"Propionibacterium","Bacteria","Actinobacteriota","Actinobacteria","Propionibacteriales","Propionibacteriaceae","Propionibacterium"
"Proteus","Bacteria","Proteobacteria","Gammaproteobacteria","Enterobacterales","Morganellaceae","Proteus"
"Pseudacidovorax","Bacteria","Proteobacteria","Gammaproteobacteria","Burkholderiales","Comamonadaceae","Pseudacidovorax"
"Pseudaminobacter","Bacteria","Proteobacteria","Alphaproteobacteria","Rhizobiales","Rhizobiaceae","Pseudaminobacter"
"Pseudarthrobacter","Bacteria","Actinobacteriota","Actinobacteria","Micrococcales","Micrococcaceae","Pseudarthrobacter"
"Pseudenhygromyxa","Bacteria","Myxococcota","Polyangia","Nannocystales","Nannocystaceae","Pseudenhygromyxa"
"Pseudoduganella","Bacteria","Proteobacteria","Gammaproteobacteria","Burkholderiales","Oxalobacteraceae","Pseudoduganella"
"Pseudoflavonifractor","Bacteria","Firmicutes","Clostridia","Oscillospirales","Oscillospiraceae","Pseudoflavonifractor"
"Pseudofulvimonas","Bacteria","Proteobacteria","Gammaproteobacteria","Xanthomonadales","Rhodanobacteraceae","Pseudofulvimonas"
"Pseudolabrys","Bacteria","Proteobacteria","Alphaproteobacteria","Rhizobiales","Xanthobacteraceae","Pseudolabrys"
"Pseudomonas","Bacteria","Proteobacteria","Gammaproteobacteria","Pseudomonadales","Pseudomonadaceae","Pseudomonas"
"Pseudonocardia","Bacteria","Actinobacteriota","Actinobacteria","Pseudonocardiales","Pseudonocardiaceae","Pseudonocardia"
"Pseudorhodoplanes","Bacteria","Proteobacteria","Alphaproteobacteria","Rhizobiales","Xanthobacteraceae","Pseudorhodoplanes"
"Pseudoscardovia","Bacteria","Actinobacteriota","Actinobacteria","Bifidobacteriales","Bifidobacteriaceae","Pseudoscardovia"
"Pseudoxanthomonas","Bacteria","Proteobacteria","Gammaproteobacteria","Xanthomonadales","Xanthomonadaceae","Pseudoxanthomonas"
"Psychrobacillus","Bacteria","Firmicutes","Bacilli","Bacillales","Planococcaceae","Psychrobacillus"
"Puia","Bacteria","Bacteroidota","Bacteroidia","Chitinophagales","Chitinophagaceae","Puia"
"Pygmaiobacter","Bacteria","Firmicutes","Clostridia","Oscillospirales","Ruminococcaceae","Pygmaiobacter"
"Pyramidobacter","Bacteria","Synergistota","Synergistia","Synergistales","Synergistaceae","Pyramidobacter"
"Qipengyuania","Bacteria","Proteobacteria","Alphaproteobacteria","Sphingomonadales","Sphingomonadaceae","Qipengyuania"
"Quadrisphaera","Bacteria","Actinobacteriota","Actinobacteria","Kineosporiales","Kineosporiaceae","Quadrisphaera"
"Ramlibacter","Bacteria","Proteobacteria","Gammaproteobacteria","Burkholderiales","Comamonadaceae","Ramlibacter"
"Raoultella","Bacteria","Proteobacteria","Gammaproteobacteria","Enterobacterales","Enterobacteriaceae","Raoultella"
"Raoultibacter","Bacteria","Actinobacteriota","Coriobacteriia","Coriobacteriales","Coriobacteriales Incertae Sedis","Raoultibacter"
"RB41","Bacteria","Acidobacteriota","Blastocatellia","Pyrinomonadales","Pyrinomonadaceae","RB41"
"Reyranella","Bacteria","Proteobacteria","Alphaproteobacteria","Reyranellales","Reyranellaceae","Reyranella"
"Rhizobacter","Bacteria","Proteobacteria","Gammaproteobacteria","Burkholderiales","Comamonadaceae","Rhizobacter"
"Rhizocola","Bacteria","Actinobacteriota","Actinobacteria","Micromonosporales","Micromonosporaceae","Rhizocola"
"Rhodanobacter","Bacteria","Proteobacteria","Gammaproteobacteria","Xanthomonadales","Rhodanobacteraceae","Rhodanobacter"
"Rhodobacter","Bacteria","Proteobacteria","Alphaproteobacteria","Rhodobacterales","Rhodobacteraceae","Rhodobacter"
"Rhodococcus","Bacteria","Actinobacteriota","Actinobacteria","Corynebacteriales","Nocardiaceae","Rhodococcus"
"Rhodocytophaga","Bacteria","Bacteroidota","Bacteroidia","Cytophagales","Cytophagaceae","Rhodocytophaga"
"Rhodomicrobium","Bacteria","Proteobacteria","Alphaproteobacteria","Rhizobiales","Rhodomicrobiaceae","Rhodomicrobium"
"Rhodoplanes","Bacteria","Proteobacteria","Alphaproteobacteria","Rhizobiales","Xanthobacteraceae","Rhodoplanes"
"Rhodopseudomonas","Bacteria","Proteobacteria","Alphaproteobacteria","Rhizobiales","Xanthobacteraceae","Rhodopseudomonas"
"Rikenella","Bacteria","Bacteroidota","Bacteroidia","Bacteroidales","Rikenellaceae","Rikenella"
"Rikenellaceae RC9 gut group","Bacteria","Bacteroidota","Bacteroidia","Bacteroidales","Rikenellaceae","Rikenellaceae RC9 gut group"
"Romboutsia","Bacteria","Firmicutes","Clostridia","Peptostreptococcales-Tissierellales","Peptostreptococcaceae","Romboutsia"
"Roseburia","Bacteria","Firmicutes","Clostridia","Lachnospirales","Lachnospiraceae","Roseburia"
"Roseimicrobium","Bacteria","Verrucomicrobiota","Verrucomicrobiae","Verrucomicrobiales","Verrucomicrobiaceae","Roseimicrobium"
"Roseomonas","Bacteria","Proteobacteria","Alphaproteobacteria","Acetobacterales","Acetobacteraceae","Roseomonas"
"Rothia","Bacteria","Actinobacteriota","Actinobacteria","Micrococcales","Micrococcaceae","Rothia"
"RS25G","Bacteria","Verrucomicrobiota","Verrucomicrobiae","Pedosphaerales","Pedosphaeraceae","RS25G"
"Rubrivivax","Bacteria","Proteobacteria","Gammaproteobacteria","Burkholderiales","Comamonadaceae","Rubrivivax"
"Rubrobacter","Bacteria","Actinobacteriota","Rubrobacteria","Rubrobacterales","Rubrobacteriaceae","Rubrobacter"
"Ruminiclostridium","Bacteria","Firmicutes","Clostridia","Oscillospirales","Hungateiclostridiaceae","Ruminiclostridium"
"Ruminococcus","Bacteria","Firmicutes","Clostridia","Oscillospirales","Ruminococcaceae","Ruminococcus"
"S5-A14a","Bacteria","Firmicutes","Clostridia","Peptostreptococcales-Tissierellales","Anaerovoracaceae","S5-A14a"
"Salipaludibacillus","Bacteria","Firmicutes","Bacilli","Bacillales","Salisediminibacteriaceae","Salipaludibacillus"
"Samsonia","Bacteria","Proteobacteria","Gammaproteobacteria","Enterobacterales","Yersiniaceae","Samsonia"
"Sandaracinus","Bacteria","Myxococcota","Polyangia","Polyangiales","Sandaracinaceae","Sandaracinus"
"Sanguibacteroides","Bacteria","Bacteroidota","Bacteroidia","Bacteroidales","Marinifilaceae","Sanguibacteroides"
"Sarcina","Bacteria","Firmicutes","Clostridia","Clostridiales","Clostridiaceae","Sarcina"
"Scardovia","Bacteria","Actinobacteriota","Actinobacteria","Bifidobacteriales","Bifidobacteriaceae","Scardovia"
"Sellimonas","Bacteria","Firmicutes","Clostridia","Lachnospirales","Lachnospiraceae","Sellimonas"
"Senegalimassilia","Bacteria","Actinobacteriota","Coriobacteriia","Coriobacteriales","Eggerthellaceae","Senegalimassilia"
"Serratia","Bacteria","Proteobacteria","Gammaproteobacteria","Enterobacterales","Yersiniaceae","Serratia"
"Sh765B-TzT-35","Bacteria","Methylomirabilota","Methylomirabilia","Methylomirabilales","Methylomirabilaceae","Sh765B-TzT-35"
"Shuttleworthia","Bacteria","Firmicutes","Clostridia","Lachnospirales","Lachnospiraceae","Shuttleworthia"
"Skermanella","Bacteria","Proteobacteria","Alphaproteobacteria","Azospirillales","Azospirillaceae","Skermanella"
"Slackia","Bacteria","Actinobacteriota","Coriobacteriia","Coriobacteriales","Eggerthellaceae","Slackia"
"SN8","Bacteria","Proteobacteria","Gammaproteobacteria","Xanthomonadales","Xanthomonadaceae","SN8"
"Sneathia","Bacteria","Fusobacteriota","Fusobacteriia","Fusobacteriales","Leptotrichiaceae","Sneathia"
"Solibacillus","Bacteria","Firmicutes","Bacilli","Bacillales","Planococcaceae","Solibacillus"
"Solimonas","Bacteria","Proteobacteria","Gammaproteobacteria","Salinisphaerales","Solimonadaceae","Solimonas"
"Solirubrobacter","Bacteria","Actinobacteriota","Thermoleophilia","Solirubrobacterales","Solirubrobacteraceae","Solirubrobacter"
"Solitalea","Bacteria","Bacteroidota","Bacteroidia","Sphingobacteriales","Sphingobacteriaceae","Solitalea"
"Solobacterium","Bacteria","Firmicutes","Bacilli","Erysipelotrichales","Erysipelotrichaceae","Solobacterium"
"Sorangium","Bacteria","Myxococcota","Polyangia","Polyangiales","Polyangiaceae","Sorangium"
"SP3-e08","Bacteria","Bacteroidota","Bacteroidia","Bacteroidales","Rikenellaceae","SP3-e08"
"Sphingoaurantiacus","Bacteria","Proteobacteria","Alphaproteobacteria","Sphingomonadales","Sphingomonadaceae","Sphingoaurantiacus"
"Sphingobacterium","Bacteria","Bacteroidota","Bacteroidia","Sphingobacteriales","Sphingobacteriaceae","Sphingobacterium"
"Sphingomonas","Bacteria","Proteobacteria","Alphaproteobacteria","Sphingomonadales","Sphingomonadaceae","Sphingomonas"
"Sphingopyxis","Bacteria","Proteobacteria","Alphaproteobacteria","Sphingomonadales","Sphingomonadaceae","Sphingopyxis"
"Sphingorhabdus","Bacteria","Proteobacteria","Alphaproteobacteria","Sphingomonadales","Sphingomonadaceae","Sphingorhabdus"
"Spirillospora","Bacteria","Actinobacteriota","Actinobacteria","Streptosporangiales","Thermomonosporaceae","Spirillospora"
"Sporobacter","Bacteria","Firmicutes","Clostridia","Oscillospirales","Oscillospiraceae","Sporobacter"
"Sporocytophaga","Bacteria","Bacteroidota","Bacteroidia","Cytophagales","Cytophagaceae","Sporocytophaga"
"Sporosarcina","Bacteria","Firmicutes","Bacilli","Bacillales","Planococcaceae","Sporosarcina"
"Stakelama","Bacteria","Proteobacteria","Alphaproteobacteria","Sphingomonadales","Sphingomonadaceae","Stakelama"
"Staphylococcus","Bacteria","Firmicutes","Bacilli","Staphylococcales","Staphylococcaceae","Staphylococcus"
"Stenotrophobacter","Bacteria","Acidobacteriota","Blastocatellia","Blastocatellales","Blastocatellaceae","Stenotrophobacter"
"Stenotrophomonas","Bacteria","Proteobacteria","Gammaproteobacteria","Xanthomonadales","Xanthomonadaceae","Stenotrophomonas"
"Steroidobacter","Bacteria","Proteobacteria","Gammaproteobacteria","Steroidobacterales","Steroidobacteraceae","Steroidobacter"
"Streptococcus","Bacteria","Firmicutes","Bacilli","Lactobacillales","Streptococcaceae","Streptococcus"
"Streptomyces","Bacteria","Actinobacteriota","Actinobacteria","Streptomycetales","Streptomycetaceae","Streptomyces"
"Streptosporangium","Bacteria","Actinobacteriota","Actinobacteria","Streptosporangiales","Streptosporangiaceae","Streptosporangium"
"Subdoligranulum","Bacteria","Firmicutes","Clostridia","Oscillospirales","Ruminococcaceae","Subdoligranulum"
"Subgroup 10","Bacteria","Acidobacteriota","Thermoanaerobaculia","Thermoanaerobaculales","Thermoanaerobaculaceae","Subgroup 10"
"Succiniclasticum","Bacteria","Firmicutes","Negativicutes","Acidaminococcales","Acidaminococcaceae","Succiniclasticum"
"Succinivibrio","Bacteria","Proteobacteria","Gammaproteobacteria","Enterobacterales","Succinivibrionaceae","Succinivibrio"
"Sulfurifustis","Bacteria","Proteobacteria","Gammaproteobacteria","Acidiferrobacterales","Acidiferrobacteraceae","Sulfurifustis"
"Sumerlaea","Bacteria","Sumerlaeota","Sumerlaeia","Sumerlaeales","Sumerlaeaceae","Sumerlaea"
"Sutterella","Bacteria","Proteobacteria","Gammaproteobacteria","Burkholderiales","Sutterellaceae","Sutterella"
"SWB02","Bacteria","Proteobacteria","Alphaproteobacteria","Caulobacterales","Hyphomonadaceae","SWB02"
"Synergistes","Bacteria","Synergistota","Synergistia","Synergistales","Synergistaceae","Synergistes"
"SZB85","Bacteria","Proteobacteria","Gammaproteobacteria","Nitrosococcales","Nitrosococcaceae","SZB85"
"Tahibacter","Bacteria","Proteobacteria","Gammaproteobacteria","Xanthomonadales","Rhodanobacteraceae","Tahibacter"
"Taibaiella","Bacteria","Bacteroidota","Bacteroidia","Chitinophagales","Chitinophagaceae","Taibaiella"
"Telluria","Bacteria","Proteobacteria","Gammaproteobacteria","Burkholderiales","Oxalobacteraceae","Telluria"
"Tellurimicrobium","Bacteria","Acidobacteriota","Blastocatellia","Blastocatellales","Blastocatellaceae","Tellurimicrobium"
"Terrimonas","Bacteria","Bacteroidota","Bacteroidia","Chitinophagales","Chitinophagaceae","Terrimonas"
"Terrisporobacter","Bacteria","Firmicutes","Clostridia","Peptostreptococcales-Tissierellales","Peptostreptococcaceae","Terrisporobacter"
"Thauera","Bacteria","Proteobacteria","Gammaproteobacteria","Burkholderiales","Rhodocyclaceae","Thauera"
"TM7a","Bacteria","Patescibacteria","Saccharimonadia","Saccharimonadales","Saccharimonadaceae","TM7a"
"TM7x","Bacteria","Patescibacteria","Saccharimonadia","Saccharimonadales","Saccharimonadaceae","TM7x"
"Truepera","Bacteria","Deinococcota","Deinococci","Deinococcales","Trueperaceae","Truepera"
"Tumebacillus","Bacteria","Firmicutes","Bacilli","Alicyclobacillales","Alicyclobacillaceae","Tumebacillus"
"Turicibacter","Bacteria","Firmicutes","Bacilli","Erysipelotrichales","Erysipelotrichaceae","Turicibacter"
"Tuzzerella","Bacteria","Firmicutes","Clostridia","Lachnospirales","Lachnospiraceae","Tuzzerella"
"TX1A-55","Bacteria","Proteobacteria","Gammaproteobacteria","Acidithiobacillales","Acidithiobacillaceae","TX1A-55"
"Tyzzerella","Bacteria","Firmicutes","Clostridia","Lachnospirales","Lachnospiraceae","Tyzzerella"
"UBA1819","Bacteria","Firmicutes","Clostridia","Oscillospirales","Ruminococcaceae","UBA1819"
"UC5-1-2E3","Bacteria","Firmicutes","Clostridia","Lachnospirales","Lachnospiraceae","UC5-1-2E3"
"UCG-002","Bacteria","Firmicutes","Clostridia","Oscillospirales","Oscillospiraceae","UCG-002"
"UCG-003","Bacteria","Firmicutes","Clostridia","Oscillospirales","Oscillospiraceae","UCG-003"
"UCG-004","Bacteria","Firmicutes","Bacilli","Erysipelotrichales","Erysipelatoclostridiaceae","UCG-004"
"UCG-005","Bacteria","Firmicutes","Clostridia","Oscillospirales","Oscillospiraceae","UCG-005"
"UCG-007","Bacteria","Firmicutes","Clostridia","Oscillospirales","Oscillospiraceae","UCG-007"
"UCG-008","Bacteria","Firmicutes","Clostridia","Oscillospirales","Butyricicoccaceae","UCG-008"
"UCG-009","Bacteria","Firmicutes","Clostridia","Oscillospirales","Butyricicoccaceae","UCG-009"
"UTBCD1","Bacteria","Bacteroidota","Bacteroidia","Chitinophagales","Chitinophagaceae","UTBCD1"
"UTCFX1","Bacteria","Chloroflexi","Anaerolineae","Anaerolineales","Anaerolineaceae","UTCFX1"
"V9D2013 group","Bacteria","Firmicutes","Clostridia","Oscillospirales","Oscillospiraceae","V9D2013 group"
"Vampirovibrio","Bacteria","Cyanobacteria","Vampirivibrionia","Vampirovibrionales","Vampirovibrionaceae","Vampirovibrio"
"Varibaculum","Bacteria","Actinobacteriota","Actinobacteria","Actinomycetales","Actinomycetaceae","Varibaculum"
"Variibacter","Bacteria","Proteobacteria","Alphaproteobacteria","Rhizobiales","Xanthobacteraceae","Variibacter"
"Variovorax","Bacteria","Proteobacteria","Gammaproteobacteria","Burkholderiales","Comamonadaceae","Variovorax"
"Veillonella","Bacteria","Firmicutes","Negativicutes","Veillonellales-Selenomonadales","Veillonellaceae","Veillonella"
"Vicinamibacter","Bacteria","Acidobacteriota","Vicinamibacteria","Vicinamibacterales","Vicinamibacteraceae","Vicinamibacter"
"Vicingus","Bacteria","Bacteroidota","Bacteroidia","Flavobacteriales","Cryomorphaceae","Vicingus"
"Victivallis","Bacteria","Verrucomicrobiota","Lentisphaeria","Victivallales","Victivallaceae","Victivallis"
"Virgibacillus","Bacteria","Firmicutes","Bacilli","Bacillales","Bacillaceae","Virgibacillus"
"Virgisporangium","Bacteria","Actinobacteriota","Actinobacteria","Micromonosporales","Micromonosporaceae","Virgisporangium"
"Vitiosangium","Bacteria","Myxococcota","Myxococcia","Myxococcales","Myxococcaceae","Vitiosangium"
"Vulgatibacter","Bacteria","Myxococcota","Myxococcia","Myxococcales","Vulgatibacteraceae","Vulgatibacter"
"wb1-A12","Bacteria","Methylomirabilota","Methylomirabilia","Methylomirabilales","Methylomirabilaceae","wb1-A12"
"wb1-P19","Bacteria","Proteobacteria","Gammaproteobacteria","Nitrosococcales","Nitrosococcaceae","wb1-P19"
"Weissella","Bacteria","Firmicutes","Bacilli","Lactobacillales","Lactobacillaceae","Weissella"
"Williamsia","Bacteria","Actinobacteriota","Actinobacteria","Corynebacteriales","Nocardiaceae","Williamsia"
"Woeseia","Bacteria","Proteobacteria","Gammaproteobacteria","Steroidobacterales","Woeseiaceae","Woeseia"
"Xylophilus","Bacteria","Proteobacteria","Gammaproteobacteria","Burkholderiales","Comamonadaceae","Xylophilus"
"YC-ZSS-LKJ147","Bacteria","Gemmatimonadota","Longimicrobia","Longimicrobiales","Longimicrobiaceae","YC-ZSS-LKJ147"
"Z20","Bacteria","Verrucomicrobiota","Lentisphaeria","Oligosphaerales","Oligosphaeraceae","Z20"
"Zhizhongheella","Bacteria","Proteobacteria","Gammaproteobacteria","Burkholderiales","Comamonadaceae","Zhizhongheella"
"Acidovorax","Bacteria","Proteobacteria","Gammaproteobacteria","Burkholderiales","Comamonadaceae","Acidovorax"
"Actinobacillus","Bacteria","Proteobacteria","Gammaproteobacteria","Enterobacterales","Pasteurellaceae","Actinobacillus"
"Alcaligenes","Bacteria","Proteobacteria","Gammaproteobacteria","Burkholderiales","Alcaligenaceae","Alcaligenes"
"Alcanivorax","Bacteria","Proteobacteria","Gammaproteobacteria","Pseudomonadales","Alcanivoracaceae1","Alcanivorax"
"Anaerovorax","Bacteria","Firmicutes","Clostridia","Peptostreptococcales-Tissierellales","Anaerovoracaceae","Anaerovorax"
"ASF356","Bacteria","Firmicutes","Clostridia","Lachnospirales","Lachnospiraceae","ASF356"
"Calorithrix","Bacteria","Calditrichota","Calditrichia","Calditrichales","Calditrichaceae","Calorithrix"
"Candidatus Profftella","Bacteria","Proteobacteria","Gammaproteobacteria","Burkholderiales","Oxalobacteraceae","Candidatus Profftella"
"Chryseobacterium","Bacteria","Bacteroidota","Bacteroidia","Flavobacteriales","Weeksellaceae","Chryseobacterium"
"Clostridium sensu stricto 2","Bacteria","Firmicutes","Clostridia","Clostridiales","Clostridiaceae","Clostridium sensu stricto 2"
"Cronobacter","Bacteria","Proteobacteria","Gammaproteobacteria","Enterobacterales","Enterobacteriaceae","Cronobacter"
"Delftia","Bacteria","Proteobacteria","Gammaproteobacteria","Burkholderiales","Comamonadaceae","Delftia"
"F0332","Bacteria","Actinobacteriota","Actinobacteria","Actinomycetales","Actinomycetaceae","F0332"
"Fructilactobacillus","Bacteria","Firmicutes","Bacilli","Lactobacillales","Lactobacillaceae","Fructilactobacillus"
"Kosakonia","Bacteria","Proteobacteria","Gammaproteobacteria","Enterobacterales","Enterobacteriaceae","Kosakonia"
"Mailhella","Bacteria","Desulfobacterota","Desulfovibrionia","Desulfovibrionales","Desulfovibrionaceae","Mailhella"
"Mannheimia","Bacteria","Proteobacteria","Gammaproteobacteria","Enterobacterales","Pasteurellaceae","Mannheimia"
"Morganella","Bacteria","Proteobacteria","Gammaproteobacteria","Enterobacterales","Morganellaceae","Morganella"
"Moryella","Bacteria","Firmicutes","Clostridia","Lachnospirales","Lachnospiraceae","Moryella"
"Murdochiella","Bacteria","Firmicutes","Clostridia","Peptostreptococcales-Tissierellales","Family XI","Murdochiella"
"Negativicoccus","Bacteria","Firmicutes","Negativicutes","Veillonellales-Selenomonadales","Veillonellaceae","Negativicoccus"
"Neisseria","Bacteria","Proteobacteria","Gammaproteobacteria","Burkholderiales","Neisseriaceae","Neisseria"
"Ochrobactrum","Bacteria","Proteobacteria","Alphaproteobacteria","Rhizobiales","Rhizobiaceae","Ochrobactrum"
"Oerskovia","Bacteria","Actinobacteriota","Actinobacteria","Micrococcales","Cellulomonadaceae","Oerskovia"
"Ottowia","Bacteria","Proteobacteria","Gammaproteobacteria","Burkholderiales","Comamonadaceae","Ottowia"
"Pectobacterium","Bacteria","Proteobacteria","Gammaproteobacteria","Enterobacterales","Pectobacteriaceae","Pectobacterium"
"Peptoclostridium","Bacteria","Firmicutes","Clostridia","Peptostreptococcales-Tissierellales","Peptostreptococcaceae","Peptoclostridium"
"Providencia","Bacteria","Proteobacteria","Gammaproteobacteria","Enterobacterales","Morganellaceae","Providencia"
"Pseudobutyrivibrio","Bacteria","Firmicutes","Clostridia","Lachnospirales","Lachnospiraceae","Pseudobutyrivibrio"
"Psychrobacter","Bacteria","Proteobacteria","Gammaproteobacteria","Pseudomonadales","Moraxellaceae","Psychrobacter"
"Ralstonia","Bacteria","Proteobacteria","Gammaproteobacteria","Burkholderiales","Burkholderiaceae","Ralstonia"
"Salinibacter","Bacteria","Bacteroidota","Rhodothermia","Rhodothermales","Rhodothermaceae","Salinibacter"
"Salmonella","Bacteria","Proteobacteria","Gammaproteobacteria","Enterobacterales","Enterobacteriaceae","Salmonella"
"Stomatobaculum","Bacteria","Firmicutes","Clostridia","Lachnospirales","Lachnospiraceae","Stomatobaculum"
"Syntrophococcus","Bacteria","Firmicutes","Clostridia","Lachnospirales","Lachnospiraceae","Syntrophococcus"
"Tepidimonas","Bacteria","Proteobacteria","Gammaproteobacteria","Burkholderiales","Comamonadaceae","Tepidimonas"
"Thermus","Bacteria","Deinococcota","Deinococci","Thermales","Thermaceae","Thermus"
"Trabulsiella","Bacteria","Proteobacteria","Gammaproteobacteria","Enterobacterales","Enterobacteriaceae","Trabulsiella"
"Uruburuella","Bacteria","Proteobacteria","Gammaproteobacteria","Burkholderiales","Neisseriaceae","Uruburuella"
"Acetitomaculum","Bacteria","Firmicutes","Clostridia","Lachnospirales","Lachnospiraceae","Acetitomaculum"
"Acidipropionibacterium","Bacteria","Actinobacteriota","Actinobacteria","Propionibacteriales","Propionibacteriaceae","Acidipropionibacterium"
"Actinotignum","Bacteria","Actinobacteriota","Actinobacteria","Actinomycetales","Actinomycetaceae","Actinotignum"
"Aerosphaera","Bacteria","Firmicutes","Bacilli","Lactobacillales","Aerococcaceae","Aerosphaera"
"Alloscardovia","Bacteria","Actinobacteriota","Actinobacteria","Bifidobacteriales","Bifidobacteriaceae","Alloscardovia"
"Brevibacterium","Bacteria","Actinobacteriota","Actinobacteria","Micrococcales","Brevibacteriaceae","Brevibacterium"
"Carnobacterium","Bacteria","Firmicutes","Bacilli","Lactobacillales","Carnobacteriaceae","Carnobacterium"
"Clostridium sensu stricto 3","Bacteria","Firmicutes","Clostridia","Clostridiales","Clostridiaceae","Clostridium sensu stricto 3"
"Faecalicoccus","Bacteria","Firmicutes","Bacilli","Erysipelotrichales","Erysipelotrichaceae","Faecalicoccus"
"Gardnerella","Bacteria","Actinobacteriota","Actinobacteria","Bifidobacteriales","Bifidobacteriaceae","Gardnerella"
"Jonquetella","Bacteria","Synergistota","Synergistia","Synergistales","Synergistaceae","Jonquetella"
"Lentilactobacillus","Bacteria","Firmicutes","Bacilli","Lactobacillales","Lactobacillaceae","Lentilactobacillus"
"Mobiluncus","Bacteria","Actinobacteriota","Actinobacteria","Actinomycetales","Actinomycetaceae","Mobiluncus"
"Oceanobacillus","Bacteria","Firmicutes","Bacilli","Bacillales","Bacillaceae","Oceanobacillus"
"Parvibacter","Bacteria","Actinobacteriota","Coriobacteriia","Coriobacteriales","Eggerthellaceae","Parvibacter"
"Pluralibacter","Bacteria","Proteobacteria","Gammaproteobacteria","Enterobacterales","Enterobacteriaceae","Pluralibacter"
"Prevotellaceae Ga6A1 group","Bacteria","Bacteroidota","Bacteroidia","Bacteroidales","Prevotellaceae","Prevotellaceae Ga6A1 group"
"Pseudoclavibacter","Bacteria","Actinobacteriota","Actinobacteria","Micrococcales","Microbacteriaceae","Pseudoclavibacter"
"W5053","Bacteria","Firmicutes","Clostridia","Peptostreptococcales-Tissierellales","Family XI","W5053"
